Date time,Precipitable Water Vapor [mm],Telescope Azimuth [deg],Telescope Elevation [deg]
2024-07-31T00:00:00,0.83,192.977423,60.421730
2024-07-31T00:01:00,0.84,193.202570,60.369916
2024-07-31T00:02:00,0.85,193.504053,60.319218
2024-07-31T00:03:00,0.85,193.787511,60.262390
2024-07-31T00:04:00,0.84,194.057553,60.206949
2024-07-31T00:05:00,0.85,194.373943,60.150336
2024-07-31T00:06:00,0.84,194.642203,60.092576
2024-07-31T00:07:00,0.84,194.933688,60.033527
2024-07-31T00:08:00,0.84,195.241126,59.973680
2024-07-31T00:09:00,0.85,195.528935,59.912576
2024-07-31T00:10:00,0.83,195.823522,59.845383
2024-07-31T00:11:00,0.84,196.074002,59.787101
2024-07-31T00:12:00,0.85,146.397296,72.694188
2024-07-31T00:13:00,0.84,146.920537,72.821043
2024-07-31T00:14:00,0.84,147.509579,72.946179
2024-07-31T00:15:00,0.85,148.066410,73.069210
2024-07-31T00:16:00,0.85,148.598944,73.193147
2024-07-31T00:17:00,0.84,149.099348,73.310211
2024-07-31T00:18:00,0.85,141.124706,72.561513
2024-07-31T00:19:00,0.85,141.602836,72.705523
2024-07-31T00:20:00,0.85,140.222285,72.250515
2024-07-31T00:21:00,0.85,140.618210,72.381348
2024-07-31T00:22:00,0.85,143.091178,73.128268
2024-07-31T00:23:00,0.86,141.921703,72.699052
2024-07-31T00:24:00,0.87,142.068853,72.835270
2024-07-31T00:25:00,0.86,142.502382,72.962736
2024-07-31T00:26:00,0.86,145.209282,73.668801
2024-07-31T00:27:00,0.86,145.762417,73.799605
2024-07-31T00:28:00,0.86,144.103120,73.403103
2024-07-31T00:29:00,0.87,144.562402,73.522929
2024-07-31T00:30:00,0.87,147.481740,74.180374
2024-07-31T00:31:00,0.87,146.192291,73.812312
2024-07-31T00:32:00,0.87,148.681044,74.424655
2024-07-31T00:33:00,0.87,146.956799,74.040613
2024-07-31T00:34:00,0.88,147.457337,74.190904
2024-07-31T00:35:00,0.88,150.244023,74.502871
2024-07-31T00:36:00,0.88,148.640556,74.426503
2024-07-31T00:37:00,0.88,151.540231,74.728575
2024-07-31T00:38:00,0.88,149.852903,74.657629
2024-07-31T00:39:00,0.87,153.199303,75.209670
2024-07-31T00:40:00,0.87,153.886388,75.312369
2024-07-31T00:41:00,0.87,152.060134,75.285590
2024-07-31T00:42:00,0.87,155.292254,75.510491
2024-07-31T00:43:00,0.87,153.091114,75.192117
2024-07-31T00:44:00,0.86,156.738977,75.698023
2024-07-31T00:45:00,0.86,154.466373,75.381720
2024-07-31T00:46:00,0.86,157.369751,75.878072
2024-07-31T00:47:00,0.86,158.983464,75.959037
2024-07-31T00:48:00,0.86,159.751149,76.040268
2024-07-31T00:49:00,0.86,160.529414,76.118685
2024-07-31T00:50:00,0.86,158.240920,75.858958
2024-07-31T00:51:00,0.86,158.904937,75.936138
2024-07-31T00:52:00,0.85,159.585628,76.011873
2024-07-31T00:53:00,0.85,163.729891,76.401971
2024-07-31T00:54:00,0.85,161.332591,76.193396
2024-07-31T00:55:00,0.84,165.381029,76.524689
2024-07-31T00:56:00,0.84,162.775062,76.324757
2024-07-31T00:57:00,0.84,167.060713,76.634710
2024-07-31T00:58:00,0.85,167.914793,76.684655
2024-07-31T00:59:00,0.84,165.344329,76.534661
2024-07-31T01:00:00,0.85,166.090025,76.588239
2024-07-31T01:01:00,0.86,166.945344,76.627813
2024-07-31T01:02:00,0.86,171.385817,76.850530
2024-07-31T01:03:00,0.85,172.251710,76.882943
2024-07-31T01:04:00,0.86,169.649449,76.753137
2024-07-31T01:05:00,0.86,170.479102,76.826316
2024-07-31T01:06:00,0.86,174.584145,76.828624
2024-07-31T01:07:00,0.86,172.209095,76.880133
2024-07-31T01:08:00,0.86,176.726593,76.994109
2024-07-31T01:09:00,0.87,173.954230,76.922798
2024-07-31T01:10:00,0.87,178.528866,77.013207
2024-07-31T01:11:00,0.87,179.431613,77.017307
2024-07-31T01:12:00,0.87,176.596643,76.987496
2024-07-31T01:13:00,0.87,181.236307,77.014704
2024-07-31T01:14:00,0.87,178.362590,76.994084
2024-07-31T01:15:00,0.88,179.249069,77.033723
2024-07-31T01:16:00,0.88,181.334480,76.996681
2024-07-31T01:17:00,0.88,224.128418,70.153866
2024-07-31T01:18:00,0.87,224.631789,69.992679
2024-07-31T01:19:00,0.87,224.862087,69.830488
2024-07-31T01:20:00,0.87,225.221000,69.667193
2024-07-31T01:21:00,0.87,225.580273,69.503281
2024-07-31T01:22:00,0.88,225.897426,69.341075
2024-07-31T01:23:00,0.88,226.174600,69.172136
2024-07-31T01:24:00,0.87,226.493696,69.005386
2024-07-31T01:25:00,0.88,226.806340,68.837565
2024-07-31T01:26:00,0.88,227.113128,68.669048
2024-07-31T01:27:00,0.89,227.551116,68.499520
2024-07-31T01:28:00,0.89,227.741428,68.329206
2024-07-31T01:29:00,0.89,228.051435,68.158008
2024-07-31T01:30:00,0.90,228.328545,67.981392
2024-07-31T01:31:00,0.90,228.607331,67.818965
2024-07-31T01:32:00,0.91,228.837247,67.640454
2024-07-31T01:33:00,0.91,261.365510,73.717875
2024-07-31T01:34:00,0.91,261.575401,73.574475
2024-07-31T01:35:00,0.91,261.402755,73.262075
2024-07-31T01:36:00,0.91,261.418545,73.034000
2024-07-31T01:37:00,0.92,261.617179,72.889750
2024-07-31T01:38:00,0.92,261.627625,72.661400
2024-07-31T01:39:00,0.91,261.455297,72.349150
2024-07-31T01:40:00,0.91,261.643712,72.204827
2024-07-31T01:41:00,0.92,261.471476,71.893504
2024-07-31T01:42:00,0.92,261.477651,71.665045
2024-07-31T01:43:00,0.92,261.482088,71.436767
2024-07-31T01:44:00,0.93,261.658119,71.292058
2024-07-31T01:45:00,0.93,261.658370,71.063746
2024-07-31T01:46:00,0.94,261.657295,70.835266
2024-07-31T01:47:00,0.94,261.655081,70.606947
2024-07-31T01:48:00,0.93,261.484654,70.296076
2024-07-31T01:49:00,0.93,261.481485,70.067996
2024-07-31T01:50:00,0.94,261.641285,69.922347
2024-07-31T01:51:00,0.94,261.634626,69.694062
2024-07-31T01:52:00,0.93,261.626829,69.465787
2024-07-31T01:53:00,0.93,261.618061,69.237681
2024-07-31T01:54:00,0.93,261.608309,69.009114
2024-07-31T01:55:00,0.94,261.439974,68.699135
2024-07-31T01:56:00,0.93,261.429618,68.470631
2024-07-31T01:57:00,0.93,261.573544,68.324625
2024-07-31T01:58:00,0.92,261.560294,68.096582
2024-07-31T01:59:00,0.92,261.546074,67.868347
2024-07-31T02:00:00,0.91,261.530982,67.639950
2024-07-31T02:01:00,0.92,261.392214,67.331084
2024-07-31T02:02:00,0.92,261.349237,67.102043
2024-07-31T02:03:00,0.92,261.333083,66.874147
2024-07-31T02:04:00,0.92,261.463524,66.727566
2024-07-31T02:05:00,0.91,261.445234,66.499413
2024-07-31T02:06:00,0.90,261.425421,66.271129
2024-07-31T02:07:00,0.90,261.405402,66.043058
2024-07-31T02:08:00,0.90,261.241322,65.733665
2024-07-31T02:09:00,0.91,261.220969,65.505978
2024-07-31T02:10:00,0.91,261.199921,65.277962
2024-07-31T02:11:00,0.92,261.198394,65.050363
2024-07-31T02:12:00,0.91,261.156152,64.822021
2024-07-31T02:13:00,0.92,261.271971,64.674708
2024-07-31T02:14:00,0.91,261.247647,64.446685
2024-07-31T02:15:00,0.94,261.085931,64.137918
2024-07-31T02:16:00,0.91,261.061458,63.910129
2024-07-31T02:17:00,0.93,261.171679,63.762739
2024-07-31T02:18:00,0.91,261.010864,63.454390
2024-07-31T02:19:00,0.92,261.118394,63.306639
2024-07-31T02:20:00,0.93,261.090981,63.078702
2024-07-31T02:21:00,0.90,261.063170,62.851120
2024-07-31T02:22:00,0.90,260.903580,62.543066
2024-07-31T02:23:00,0.95,260.435301,71.756247
2024-07-31T02:24:00,0.92,260.610580,71.528528
2024-07-31T02:25:00,0.94,260.520446,71.301421
2024-07-31T02:26:00,0.93,260.533948,71.076251
2024-07-31T02:27:00,0.92,260.530616,70.846044
2024-07-31T02:28:00,0.95,260.556210,70.616191
2024-07-31T02:29:00,0.94,260.351223,70.724705
2024-07-31T02:30:00,0.93,260.425270,70.163357
2024-07-31T02:31:00,0.93,260.578696,69.936023
2024-07-31T02:32:00,0.94,260.583470,69.708511
2024-07-31T02:33:00,0.93,260.539397,69.480841
2024-07-31T02:34:00,0.93,260.661848,59.889859
2024-07-31T02:35:00,0.93,260.506049,59.583346
2024-07-31T02:36:00,0.95,260.594319,59.434498
2024-07-31T02:37:00,0.94,260.559861,59.206871
2024-07-31T02:38:00,0.94,260.405353,58.900886
2024-07-31T02:39:00,0.94,260.370529,58.673495
2024-07-31T02:40:00,0.93,260.335690,58.445930
2024-07-31T02:41:00,0.94,260.300451,58.218826
2024-07-31T02:42:00,0.93,260.265312,57.991141
2024-07-31T02:43:00,0.95,260.347036,57.842062
2024-07-31T02:44:00,0.93,260.310488,57.614598
2024-07-31T02:45:00,0.93,260.157154,57.309101
2024-07-31T02:46:00,0.94,260.120581,57.081884
2024-07-31T02:47:00,0.92,260.198895,56.932413
2024-07-31T02:48:00,0.92,260.046228,56.627550
2024-07-31T02:49:00,0.92,260.122796,56.477801
2024-07-31T02:50:00,0.93,260.084629,56.250709
2024-07-31T02:51:00,0.93,260.045931,56.023505
2024-07-31T02:52:00,0.93,259.894125,55.718939
2024-07-31T02:53:00,0.94,259.967726,55.569019
2024-07-31T02:54:00,0.93,259.816392,55.264684
2024-07-31T02:55:00,0.93,259.777170,55.037780
2024-07-31T02:56:00,0.92,259.848558,54.887795
2024-07-31T02:57:00,0.92,259.808281,54.660668
2024-07-31T02:58:00,0.93,259.657653,54.356449
2024-07-31T02:59:00,0.94,259.726954,54.206583
2024-07-31T03:00:00,0.93,259.576759,53.902744
2024-07-31T03:01:00,0.93,259.535848,53.675877
2024-07-31T03:02:00,0.94,259.603646,53.526248
2024-07-31T03:03:00,0.95,259.561287,53.298938
2024-07-31T03:04:00,0.94,259.519260,53.072107
2024-07-31T03:05:00,0.95,259.477002,52.845385
2024-07-31T03:06:00,0.95,259.434478,52.618297
2024-07-31T03:07:00,0.94,259.285909,52.315444
2024-07-31T03:08:00,0.96,259.242918,52.088684
2024-07-31T03:09:00,0.96,259.200100,51.862265
2024-07-31T03:10:00,0.96,259.262216,51.711623
2024-07-31T03:11:00,0.95,259.218587,51.484904
2024-07-31T03:12:00,0.96,259.174819,51.258141
2024-07-31T03:13:00,0.95,259.130527,51.031645
2024-07-31T03:14:00,0.95,258.982611,50.729568
2024-07-31T03:15:00,0.95,258.938520,50.503010
2024-07-31T03:16:00,0.95,258.996968,50.352402
2024-07-31T03:17:00,0.95,258.952103,50.125924
2024-07-31T03:18:00,0.95,258.907096,49.899500
2024-07-31T03:19:00,0.94,258.861621,49.672909
2024-07-31T03:20:00,0.94,258.816013,49.446573
2024-07-31T03:21:00,0.94,258.668959,49.145427
2024-07-31T03:22:00,0.93,258.623153,48.918953
2024-07-31T03:23:00,0.94,258.577387,48.693013
2024-07-31T03:24:00,0.93,259.634469,57.885690
2024-07-31T03:25:00,0.94,259.695903,57.658824
2024-07-31T03:26:00,0.94,259.605619,57.432101
2024-07-31T03:27:00,0.94,259.537249,57.205021
2024-07-31T03:28:00,0.95,258.443927,47.637354
2024-07-31T03:29:00,0.96,258.396598,47.411476
2024-07-31T03:30:00,0.95,258.250551,47.111276
2024-07-31T03:31:00,0.94,258.301237,46.959589
2024-07-31T03:32:00,0.94,258.253199,46.733590
2024-07-31T03:33:00,0.95,258.107439,46.433842
2024-07-31T03:34:00,0.95,258.059324,46.208166
2024-07-31T03:35:00,0.94,258.108134,46.056539
2024-07-31T03:36:00,0.95,257.962495,45.756864
2024-07-31T03:37:00,0.95,257.913907,45.531407
2024-07-31T03:38:00,0.95,257.961220,45.379367
2024-07-31T03:39:00,0.95,257.912021,45.153844
2024-07-31T03:40:00,0.96,257.766672,44.854669
2024-07-31T03:41:00,0.96,257.812811,44.702762
2024-07-31T03:42:00,0.96,257.667644,44.403951
2024-07-31T03:43:00,0.96,257.617788,44.178721
2024-07-31T03:44:00,0.96,257.567879,43.953129
2024-07-31T03:45:00,0.96,257.612277,43.801456
2024-07-31T03:46:00,0.96,257.561603,43.576030
2024-07-31T03:47:00,0.96,257.510907,43.350836
2024-07-31T03:48:00,0.97,257.459880,43.125745
2024-07-31T03:49:00,0.97,257.315437,42.827523
2024-07-31T03:50:00,0.97,257.263999,42.602471
2024-07-31T03:51:00,0.96,257.212506,42.377715
2024-07-31T03:52:00,0.97,257.254183,42.225310
2024-07-31T03:53:00,0.97,257.202344,42.000416
2024-07-31T03:54:00,0.97,257.150224,41.775403
2024-07-31T03:55:00,0.96,257.097926,41.550520
2024-07-31T03:56:00,0.96,256.953295,41.253659
2024-07-31T03:57:00,0.97,256.901025,41.028687
2024-07-31T03:58:00,0.97,256.848354,40.804183
2024-07-31T03:59:00,0.97,256.795548,40.579402
2024-07-31T04:00:00,0.97,256.742720,40.354976
2024-07-31T04:01:00,0.97,256.780842,40.202139
2024-07-31T04:02:00,0.97,256.727272,39.977818
2024-07-31T04:03:00,0.97,256.582327,39.681754
2024-07-31T04:04:00,0.98,256.529335,39.457289
2024-07-31T04:05:00,0.97,256.475284,39.233190
2024-07-31T04:06:00,0.97,256.511565,39.080216
2024-07-31T04:07:00,0.97,256.367120,38.784525
2024-07-31T04:08:00,0.97,256.402713,38.631831
2024-07-31T04:09:00,0.97,256.348067,38.407723
2024-07-31T04:10:00,0.98,256.203499,38.112642
2024-07-31T04:11:00,0.97,256.148563,37.888605
2024-07-31T04:12:00,0.97,256.182739,37.735529
2024-07-31T04:13:00,0.97,256.038143,37.440906
2024-07-31T04:14:00,0.98,255.982602,37.216642
2024-07-31T04:15:00,0.98,256.015851,37.063669
2024-07-31T04:16:00,0.97,255.959846,36.839817
2024-07-31T04:17:00,0.97,255.815185,36.545746
2024-07-31T04:18:00,0.95,188.421834,32.232804
2024-07-31T04:19:00,0.95,188.467931,32.199251
2024-07-31T04:20:00,0.94,188.471062,32.165497
2024-07-31T04:21:00,0.94,188.525181,32.131454
2024-07-31T04:22:00,0.94,188.564338,32.094820
2024-07-31T04:23:00,0.94,188.589839,32.062941
2024-07-31T04:24:00,0.92,162.383526,29.490405
2024-07-31T04:25:00,0.93,162.410053,29.559778
2024-07-31T04:26:00,0.93,162.580683,29.629023
2024-07-31T04:27:00,0.93,162.608093,29.698336
2024-07-31T04:28:00,0.92,162.539778,29.767310
2024-07-31T04:29:00,0.92,162.567805,29.836343
2024-07-31T04:30:00,0.92,162.692338,29.905111
2024-07-31T04:31:00,0.91,162.721172,29.973758
2024-07-31T04:32:00,0.91,162.605926,30.042424
2024-07-31T04:33:00,0.90,162.780024,30.111064
2024-07-31T04:34:00,0.90,162.713347,30.179367
2024-07-31T04:35:00,0.91,162.743827,30.247709
2024-07-31T04:36:00,0.90,162.872593,30.315813
2024-07-31T04:37:00,0.90,162.901973,30.383806
2024-07-31T04:38:00,0.90,162.933461,30.451857
2024-07-31T04:39:00,0.90,162.820163,30.519571
2024-07-31T04:40:00,0.90,162.997488,30.587270
2024-07-31T04:41:00,0.91,162.933141,30.654845
2024-07-31T04:42:00,0.91,162.966025,30.722307
2024-07-31T04:43:00,0.91,163.098813,30.789580
2024-07-31T04:44:00,0.92,163.129925,30.856775
2024-07-31T04:45:00,0.91,163.164004,30.923689
2024-07-31T04:46:00,0.91,163.063194,30.990622
2024-07-31T04:47:00,0.91,163.233314,31.057411
2024-07-31T04:48:00,0.91,163.171139,31.124083
2024-07-31T04:49:00,0.91,163.206634,31.190681
2024-07-31T04:50:00,0.91,163.339841,31.256946
2024-07-31T04:51:00,0.91,163.376265,31.323289
2024-07-31T04:52:00,0.91,163.365308,31.389330
2024-07-31T04:53:00,0.92,163.303535,31.455144
2024-07-31T04:54:00,0.91,163.487497,31.521057
2024-07-31T04:55:00,0.91,163.427480,31.586848
2024-07-31T04:56:00,0.91,163.465636,31.652275
2024-07-31T04:57:00,0.91,163.602121,31.717613
2024-07-31T04:58:00,0.91,163.641024,31.782810
2024-07-31T04:59:00,0.91,163.680301,31.847831
2024-07-31T05:00:00,0.91,163.572744,31.912818
2024-07-31T05:01:00,0.92,163.760074,31.977608
2024-07-31T05:02:00,0.91,163.711156,32.042188
2024-07-31T05:03:00,0.91,163.742959,32.106583
2024-07-31T05:04:00,0.91,163.784147,32.170969
2024-07-31T05:05:00,0.92,163.924193,32.235087
2024-07-31T05:06:00,0.90,163.966131,32.299041
2024-07-31T05:07:00,0.90,163.860490,32.362826
2024-07-31T05:08:00,0.91,164.051178,32.426568
2024-07-31T05:09:00,0.91,164.094171,32.489965
2024-07-31T05:10:00,0.90,164.038783,32.553247
2024-07-31T05:11:00,0.91,164.082562,32.616409
2024-07-31T05:12:00,0.91,164.225594,32.679356
2024-07-31T05:13:00,0.91,164.270225,32.742113
2024-07-31T05:14:00,0.90,164.166521,32.804776
2024-07-31T05:15:00,0.90,164.360755,32.867275
2024-07-31T05:16:00,0.89,164.406237,32.929656
2024-07-31T05:17:00,0.89,164.353152,32.991655
2024-07-31T05:18:00,0.89,164.399430,33.053534
2024-07-31T05:19:00,0.89,164.545674,33.115371
2024-07-31T05:20:00,0.89,164.592824,33.176904
2024-07-31T05:21:00,0.90,190.877287,29.793772
2024-07-31T05:22:00,0.90,190.908957,29.750394
2024-07-31T05:23:00,0.90,190.898980,29.706903
2024-07-31T05:24:00,0.90,190.935813,29.663330
2024-07-31T05:25:00,0.90,190.963802,29.617145
2024-07-31T05:26:00,0.90,190.994363,29.580816
2024-07-31T05:27:00,0.89,164.883876,33.602599
2024-07-31T05:28:00,0.89,164.924904,33.662627
2024-07-31T05:29:00,0.89,165.034465,33.722385
2024-07-31T05:30:00,0.89,164.985079,33.782076
2024-07-31T05:31:00,0.90,165.036397,33.841507
2024-07-31T05:32:00,0.89,165.188448,33.900726
2024-07-31T05:33:00,0.90,165.240415,33.959844
2024-07-31T05:34:00,0.90,165.242515,34.018667
2024-07-31T05:35:00,0.89,165.295301,34.077361
2024-07-31T05:36:00,0.90,165.297929,34.135730
2024-07-31T05:37:00,0.90,165.351565,34.194078
2024-07-31T05:38:00,0.89,165.507418,34.252214
2024-07-31T05:39:00,0.89,165.560451,34.309855
2024-07-31T05:40:00,0.89,165.615004,34.367434
2024-07-31T05:41:00,0.89,165.619578,34.424992
2024-07-31T05:42:00,0.88,165.674813,34.481934
2024-07-31T05:43:00,0.88,165.680022,34.538938
2024-07-31T05:44:00,0.88,165.735924,34.595714
2024-07-31T05:45:00,0.87,165.792261,34.652209
2024-07-31T05:46:00,0.87,165.950349,34.708477
2024-07-31T05:47:00,0.87,166.007641,34.764607
2024-07-31T05:48:00,0.87,166.014399,34.820453
2024-07-31T05:49:00,0.87,166.072232,34.876109
2024-07-31T05:50:00,0.87,166.079560,34.931532
2024-07-31T05:51:00,0.87,166.138291,34.986648
2024-07-31T05:52:00,0.87,166.299006,35.041538
2024-07-31T05:53:00,0.86,166.358314,35.096239
2024-07-31T05:54:00,0.86,166.315724,35.150769
2024-07-31T05:55:00,0.86,166.324864,35.204927
2024-07-31T05:56:00,0.86,166.487437,35.259063
2024-07-31T05:57:00,0.87,166.497067,35.312862
2024-07-31T05:58:00,0.87,166.558195,35.366306
2024-07-31T05:59:00,0.86,166.721820,35.419597
2024-07-31T06:00:00,0.86,166.783637,35.472659
2024-07-31T06:01:00,0.86,166.743426,35.525542
2024-07-31T06:02:00,0.87,166.754518,35.577928
2024-07-31T06:03:00,0.87,166.920060,35.630334
2024-07-31T06:04:00,0.87,166.932059,35.682510
2024-07-31T06:05:00,0.87,166.995574,35.734341
2024-07-31T06:06:00,0.86,167.161834,35.785754
2024-07-31T06:07:00,0.86,167.226434,35.837220
2024-07-31T06:08:00,0.85,167.291076,35.888189
2024-07-31T06:09:00,0.85,167.304637,35.939075
2024-07-31T06:10:00,0.85,167.370013,35.989583
2024-07-31T06:11:00,0.85,167.384204,36.039911
2024-07-31T06:12:00,0.85,167.450007,36.090106
2024-07-31T06:13:00,0.85,167.609864,36.139785
2024-07-31T06:14:00,0.85,167.686461,36.189271
2024-07-31T06:15:00,0.85,167.753392,36.238459
2024-07-31T06:16:00,0.85,167.768910,36.287499
2024-07-31T06:17:00,0.85,167.836715,36.336232
2024-07-31T06:18:00,0.86,167.853109,36.384743
2024-07-31T06:19:00,0.86,167.921396,36.432952
2024-07-31T06:20:00,0.86,168.093693,36.480806
2024-07-31T06:21:00,0.86,168.162680,36.528496
2024-07-31T06:22:00,0.86,168.127957,36.575840
2024-07-31T06:23:00,0.86,168.249749,36.622921
2024-07-31T06:24:00,0.84,135.559330,32.704963
2024-07-31T06:25:00,0.84,135.521762,32.866632
2024-07-31T06:26:00,0.84,135.536427,33.028293
2024-07-31T06:27:00,0.83,135.545772,33.184718
2024-07-31T06:28:00,0.84,135.555829,33.353845
2024-07-31T06:29:00,0.85,166.156876,36.899625
2024-07-31T06:30:00,0.85,168.642718,36.944901
2024-07-31T06:31:00,0.85,168.767041,36.989810
2024-07-31T06:32:00,0.85,168.944137,37.034410
2024-07-31T06:33:00,0.85,169.017116,37.078715
2024-07-31T06:34:00,0.85,168.985833,37.122641
2024-07-31T06:35:00,0.85,169.059713,37.166420
2024-07-31T06:36:00,0.85,169.237779,37.209780
2024-07-31T06:37:00,0.85,169.154989,37.252873
2024-07-31T06:38:00,0.85,169.386623,37.295748
2024-07-31T06:39:00,0.85,169.461817,37.338302
2024-07-31T06:40:00,0.86,169.431374,37.380611
2024-07-31T06:41:00,0.86,169.507203,37.422512
2024-07-31T06:42:00,0.86,169.583013,37.464156
2024-07-31T06:43:00,0.87,169.763989,37.505589
2024-07-31T06:44:00,0.87,169.682830,37.546524
2024-07-31T06:45:00,0.87,169.917092,37.587258
2024-07-31T06:46:00,0.88,169.994070,37.627660
2024-07-31T06:47:00,0.88,170.071335,37.667847
2024-07-31T06:48:00,0.88,170.043435,37.707672
2024-07-31T06:49:00,0.88,170.121355,37.747199
2024-07-31T06:50:00,0.87,170.304933,37.786358
2024-07-31T06:51:00,0.87,170.225066,37.825241
2024-07-31T06:52:00,0.88,170.406332,37.864073
2024-07-31T06:53:00,0.87,170.540880,37.902146
2024-07-31T06:54:00,0.87,170.620358,37.940140
2024-07-31T06:55:00,0.87,170.594254,37.977730
2024-07-31T06:56:00,0.87,170.674208,38.015088
2024-07-31T06:57:00,0.87,170.794315,38.052233
2024-07-31T06:58:00,0.87,170.781792,38.088783
2024-07-31T06:59:00,0.87,170.915335,38.125157
2024-07-31T07:00:00,0.87,171.102031,38.161334
2024-07-31T07:01:00,0.87,171.183099,38.197028
2024-07-31T07:02:00,0.87,171.158681,38.232345
2024-07-31T07:03:00,0.87,171.240336,38.267375
2024-07-31T07:04:00,0.86,171.428460,38.302305
2024-07-31T07:05:00,0.86,171.351405,38.336555
2024-07-31T07:06:00,0.86,171.593033,38.370666
2024-07-31T07:07:00,0.86,171.676074,38.404441
2024-07-31T07:08:00,0.85,171.653165,38.437941
2024-07-31T07:09:00,0.84,171.736048,38.470967
2024-07-31T07:10:00,0.84,171.819510,38.503806
2024-07-31T07:11:00,0.83,172.009832,38.536229
2024-07-31T07:12:00,0.84,171.934313,38.568282
2024-07-31T07:13:00,0.84,172.178262,38.600136
2024-07-31T07:14:00,0.83,172.262825,38.631528
2024-07-31T07:15:00,0.84,172.240943,38.662620
2024-07-31T07:16:00,0.83,172.325875,38.693353
2024-07-31T07:17:00,0.83,172.433710,38.723906
2024-07-31T07:18:00,0.83,172.603543,38.753861
2024-07-31T07:19:00,0.82,172.528786,38.783541
2024-07-31T07:20:00,0.82,172.775222,38.813012
2024-07-31T07:21:00,0.82,172.861493,38.842042
2024-07-31T07:22:00,0.81,172.840836,38.870780
2024-07-31T07:23:00,0.82,172.927492,38.899106
2024-07-31T07:24:00,0.82,173.121235,38.927094
2024-07-31T07:25:00,0.82,173.208569,38.954767
2024-07-31T07:26:00,0.81,137.505537,42.600691
2024-07-31T07:27:00,0.80,137.511969,42.756599
2024-07-31T07:28:00,0.81,137.579041,42.912379
2024-07-31T07:29:00,0.81,137.639884,43.063030
2024-07-31T07:30:00,0.80,137.701583,43.225781
2024-07-31T07:31:00,0.80,137.741733,43.378577
2024-07-31T07:32:00,0.81,210.245430,38.860385
2024-07-31T07:33:00,0.81,210.261801,38.744389
2024-07-31T07:34:00,0.81,210.333499,38.628120
2024-07-31T07:35:00,0.80,210.387086,38.509320
2024-07-31T07:36:00,0.79,210.425623,38.394960
2024-07-31T07:37:00,0.78,210.503094,38.278032
2024-07-31T07:38:00,0.77,210.568044,38.160917
2024-07-31T07:39:00,0.78,210.622478,38.041003
2024-07-31T07:40:00,0.78,210.679420,37.931264
2024-07-31T07:41:00,0.77,174.575476,39.349483
2024-07-31T07:42:00,0.77,174.663905,39.371176
2024-07-31T07:43:00,0.78,174.810498,39.392396
2024-07-31T07:44:00,0.78,174.793406,39.413263
2024-07-31T07:45:00,0.77,174.884188,39.433790
2024-07-31T07:46:00,0.78,175.083260,39.453990
2024-07-31T07:47:00,0.78,175.174349,39.473732
2024-07-31T07:48:00,0.78,175.211799,39.493198
2024-07-31T07:49:00,0.78,175.303420,39.512291
2024-07-31T07:50:00,0.79,175.348666,39.530888
2024-07-31T07:51:00,0.78,175.433012,39.549342
2024-07-31T07:52:00,0.78,175.524866,39.567273
2024-07-31T07:53:00,0.77,175.725020,39.584869
2024-07-31T07:54:00,0.78,175.817186,39.602075
2024-07-31T07:55:00,0.77,175.853621,39.618953
2024-07-31T07:56:00,0.77,175.869328,39.635413
2024-07-31T07:57:00,0.77,176.094839,39.651521
2024-07-31T07:58:00,0.76,176.079407,39.667244
2024-07-31T07:59:00,0.75,176.172367,39.682581
2024-07-31T08:00:00,0.76,176.254055,39.690946
2024-07-31T08:01:00,0.75,176.254042,39.670636
2024-07-31T08:02:00,0.74,211.728741,35.295844
2024-07-31T08:03:00,0.75,211.769308,35.174660
2024-07-31T08:04:00,0.75,211.829635,35.053001
2024-07-31T08:05:00,0.74,211.874762,34.931448
2024-07-31T08:06:00,0.74,211.907174,34.812202
2024-07-31T08:07:00,0.74,211.924713,34.687734
2024-07-31T08:08:00,0.73,176.959441,39.804072
2024-07-31T08:09:00,0.73,177.107779,39.815628
2024-07-31T08:10:00,0.71,177.202041,39.826883
2024-07-31T08:11:00,0.71,177.404705,39.837764
2024-07-31T08:12:00,0.71,177.498882,39.848208
2024-07-31T08:13:00,0.71,177.484772,39.858353
2024-07-31T08:14:00,0.71,177.579263,39.868003
2024-07-31T08:15:00,0.72,177.619430,39.877360
2024-07-31T08:16:00,0.72,177.768450,39.886315
2024-07-31T08:17:00,0.72,177.863119,39.894792
2024-07-31T08:18:00,0.72,178.066594,39.902887
2024-07-31T08:19:00,0.72,178.161297,39.910831
2024-07-31T08:20:00,0.71,178.251833,39.918408
2024-07-31T08:21:00,0.71,178.242364,39.925336
2024-07-31T08:22:00,0.72,178.283099,39.931939
2024-07-31T08:23:00,0.72,178.432397,39.938264
2024-07-31T08:24:00,0.73,178.527698,39.944155
2024-07-31T08:25:00,0.73,178.731129,39.949661
2024-07-31T08:26:00,0.74,178.826561,39.954867
2024-07-31T08:27:00,0.74,178.922076,39.959578
2024-07-31T08:28:00,0.73,178.908377,39.963908
2024-07-31T08:29:00,0.73,178.949359,39.967877
2024-07-31T08:30:00,0.74,179.099050,39.971495
2024-07-31T08:31:00,0.75,179.194468,39.974712
2024-07-31T08:32:00,0.74,179.398829,39.977618
2024-07-31T08:33:00,0.75,179.493873,39.979976
2024-07-31T08:34:00,0.74,179.589411,39.982055
2024-07-31T08:35:00,0.74,179.576045,39.983759
2024-07-31T08:36:00,0.73,179.617402,39.984948
2024-07-31T08:37:00,0.73,179.767015,39.985910
2024-07-31T08:38:00,0.73,179.862583,39.986529
2024-07-31T08:39:00,0.71,180.069443,39.986645
2024-07-31T08:40:00,0.72,180.162173,39.986431
2024-07-31T08:41:00,0.71,180.257863,39.985769
2024-07-31T08:42:00,0.72,180.244270,39.984828
2024-07-31T08:43:00,0.72,180.285470,39.983401
2024-07-31T08:44:00,0.72,180.435432,39.981527
2024-07-31T08:45:00,0.72,180.530951,39.979442
2024-07-31T08:46:00,0.72,180.626115,39.976883
2024-07-31T08:47:00,0.71,180.830330,39.973951
2024-07-31T08:48:00,0.71,180.925589,39.970645
2024-07-31T08:49:00,0.71,180.911985,39.966997
2024-07-31T08:50:00,0.70,180.953235,39.962940
2024-07-31T08:51:00,0.70,181.157207,39.958391
2024-07-31T08:52:00,0.70,181.198132,39.953669
2024-07-31T08:53:00,0.70,181.293115,39.948300
2024-07-31T08:54:00,0.69,181.388292,39.942706
2024-07-31T08:55:00,0.69,181.592155,39.936685
2024-07-31T08:56:00,0.68,181.687231,39.930327
2024-07-31T08:57:00,0.69,181.727916,39.923554
2024-07-31T08:58:00,0.69,181.822652,39.916430
2024-07-31T08:59:00,0.68,181.863097,39.908739
2024-07-31T09:00:00,0.69,181.958117,39.900996
2024-07-31T09:01:00,0.68,182.052827,39.892679
2024-07-31T09:02:00,0.68,182.256024,39.884002
2024-07-31T09:03:00,0.68,182.350744,39.874899
2024-07-31T09:04:00,0.66,182.445291,39.865475
2024-07-31T09:05:00,0.69,152.305264,89.750522
2024-07-31T09:06:00,0.66,152.408940,38.110677
2024-07-31T09:07:00,0.67,152.472415,38.216975
2024-07-31T09:08:00,0.67,152.598751,38.323555
2024-07-31T09:09:00,0.67,152.620268,38.429780
2024-07-31T09:10:00,0.67,152.685333,38.540629
2024-07-31T09:11:00,0.66,152.743927,38.641609
2024-07-31T09:12:00,0.66,152.810280,38.747230
2024-07-31T09:13:00,0.66,152.877404,38.852476
2024-07-31T09:14:00,0.66,152.930592,38.957376
2024-07-31T09:15:00,0.66,153.013529,39.062451
2024-07-31T09:16:00,0.66,153.068189,39.167007
2024-07-31T09:17:00,0.67,51.934480,56.163042
2024-07-31T09:18:00,0.69,-65.652357,55.952900
2024-07-31T09:19:00,0.69,-65.917243,55.742437
2024-07-31T09:20:00,0.69,-66.212891,55.531597
2024-07-31T09:21:00,0.70,-66.425785,55.320392
2024-07-31T09:22:00,0.70,-66.656736,55.108390
2024-07-31T09:23:00,0.70,-66.903631,54.896489
2024-07-31T09:24:00,0.71,-67.109827,54.684073
2024-07-31T09:25:00,0.70,-89.908062,43.254150
2024-07-31T09:26:00,0.68,-206.133985,40.198793
2024-07-31T09:27:00,0.68,-206.100397,40.300390
2024-07-31T09:28:00,0.68,-206.022372,40.406682
2024-07-31T09:29:00,0.68,-205.921659,40.502942
2024-07-31T09:30:00,0.68,-205.907711,40.603827
2024-07-31T09:31:00,0.68,-205.827437,40.704515
2024-07-31T09:32:00,0.68,-205.702695,40.804517
2024-07-31T09:33:00,0.63,-204.226103,39.654338
2024-07-31T09:34:00,0.68,-201.306532,34.615853
2024-07-31T09:35:00,0.68,-201.890785,34.109904
2024-07-31T09:36:00,0.68,-201.841162,34.207584
2024-07-31T09:37:00,0.67,-201.791206,34.305261
2024-07-31T09:38:00,0.66,-201.744646,34.395645
2024-07-31T09:39:00,0.66,-201.694842,34.489907
2024-07-31T09:40:00,0.66,-201.642242,34.587322
2024-07-31T09:41:00,0.66,-201.526620,34.768545
2024-07-31T09:42:00,0.66,-200.887277,35.280040
2024-07-31T09:43:00,0.66,-200.832397,35.362264
2024-07-31T09:44:00,0.65,-200.773511,35.439927
2024-07-31T09:45:00,0.66,-201.403907,35.023700
2024-07-31T09:46:00,0.66,-201.349704,35.109455
2024-07-31T09:47:00,0.66,-201.277973,35.195072
2024-07-31T09:48:00,0.67,-201.249396,35.280060
2024-07-31T09:49:00,0.67,-201.201703,35.360507
2024-07-31T09:50:00,0.67,-201.155959,35.437256
2024-07-31T09:51:00,0.68,-200.375839,36.011556
2024-07-31T09:52:00,0.68,-201.060013,35.587820
2024-07-31T09:53:00,0.67,-201.012669,35.664586
2024-07-31T09:54:00,0.68,-200.966834,35.738417
2024-07-31T09:55:00,0.69,-200.914397,35.820728
2024-07-31T09:56:00,0.69,-200.863981,35.899055
2024-07-31T09:57:00,0.68,-200.011366,36.489443
2024-07-31T09:58:00,0.68,-200.646118,36.086278
2024-07-31T09:59:00,0.68,-199.926810,36.644702
2024-07-31T10:00:00,0.68,-199.822001,36.725005
2024-07-31T10:01:00,0.68,-199.757841,36.803174
2024-07-31T10:02:00,0.67,-199.693115,36.880976
2024-07-31T10:03:00,0.68,-199.320145,36.308170
2024-07-31T10:04:00,0.68,-200.286277,36.547214
2024-07-31T10:05:00,0.68,-199.495733,37.113028
2024-07-31T10:06:00,0.67,-200.176155,36.710844
2024-07-31T10:07:00,0.67,-200.101093,36.780567
2024-07-31T10:08:00,0.67,-200.053390,36.864511
2024-07-31T10:09:00,0.67,-199.997854,36.944473
2024-07-31T10:10:00,0.68,-199.923200,37.014075
2024-07-31T10:11:00,0.66,-199.870187,37.095445
2024-07-31T10:12:00,0.67,-199.818346,37.177368
2024-07-31T10:13:00,0.67,-199.763226,37.258409
2024-07-31T10:14:00,0.66,-198.875593,37.795432
2024-07-31T10:15:00,0.67,-199.650425,37.422198
2024-07-31T10:16:00,0.68,-199.593337,37.500672
2024-07-31T10:17:00,0.68,-199.520916,37.570868
2024-07-31T10:18:00,0.67,-199.449105,37.642658
2024-07-31T10:19:00,0.67,-201.038664,45.132521
2024-07-31T10:20:00,0.67,-200.848933,45.213481
2024-07-31T10:21:00,0.67,-200.776718,45.295610
2024-07-31T10:22:00,0.67,-200.656611,45.382356
2024-07-31T10:23:00,0.67,-198.201838,38.434588
2024-07-31T10:24:00,0.66,-198.136490,38.527721
2024-07-31T10:25:00,0.66,-198.059752,38.599219
2024-07-31T10:26:00,0.66,-197.982195,38.670562
2024-07-31T10:27:00,0.66,-197.673014,38.416065
2024-07-31T10:28:00,0.66,-198.598102,38.329857
2024-07-31T10:29:00,0.66,-198.192389,38.313081
2024-07-31T10:30:00,0.66,-198.458851,38.481126
2024-07-31T10:31:00,0.66,-198.399886,38.552454
2024-07-31T10:32:00,0.67,-197.507084,39.092361
2024-07-31T10:33:00,0.67,-198.265928,38.684388
2024-07-31T10:34:00,0.67,-198.193339,38.757032
2024-07-31T10:35:00,0.66,-198.122990,38.826892
2024-07-31T10:36:00,0.67,-198.054408,38.894757
2024-07-31T10:37:00,0.67,-197.988991,38.958950
2024-07-31T10:38:00,0.65,-197.894315,39.048016
2024-07-31T10:39:00,0.67,-197.824309,39.114933
2024-07-31T10:40:00,0.67,-197.750252,39.184540
2024-07-31T10:41:00,0.67,-196.759521,39.704138
2024-07-31T10:42:00,0.66,-197.606598,39.313268
2024-07-31T10:43:00,0.67,-197.532017,39.381140
2024-07-31T10:44:00,0.67,-197.456867,39.451788
2024-07-31T10:45:00,0.66,-197.376622,39.523016
2024-07-31T10:46:00,0.67,-196.171985,39.345864
2024-07-31T10:47:00,0.66,-196.237943,40.097272
2024-07-31T10:48:00,0.66,-196.148887,40.165118
2024-07-31T10:49:00,0.65,-196.059991,40.225284
2024-07-31T10:50:00,0.65,-195.970057,40.289191
2024-07-31T10:51:00,0.65,-195.879683,40.352557
2024-07-31T10:52:00,0.65,-195.789169,40.415345
2024-07-31T10:53:00,0.65,-195.590654,40.185784
2024-07-31T10:54:00,0.64,-196.503226,40.112209
2024-07-31T10:55:00,0.65,-195.513563,40.602028
2024-07-31T10:56:00,0.65,-196.342230,40.252054
2024-07-31T10:57:00,0.64,-196.260728,40.318506
2024-07-31T10:58:00,0.64,-196.181889,40.387431
2024-07-31T10:59:00,0.63,-196.103263,40.456685
2024-07-31T11:00:00,0.64,-196.026088,40.527422
2024-07-31T11:01:00,0.64,-195.941777,40.592178
2024-07-31T11:02:00,0.64,-195.837360,40.639967
2024-07-31T11:03:00,0.63,-195.743431,40.696905
2024-07-31T11:04:00,0.63,-194.660631,41.142544
2024-07-31T11:05:00,0.62,-195.565387,40.823923
2024-07-31T11:06:00,0.62,-195.481938,40.890005
2024-07-31T11:07:00,0.62,-195.398897,40.956933
2024-07-31T11:08:00,0.62,-195.313164,41.021414
2024-07-31T11:09:00,0.61,-194.112377,40.733453
2024-07-31T11:10:00,0.61,-193.921178,48.701944
2024-07-31T11:11:00,0.61,-193.817809,48.757565
2024-07-31T11:12:00,0.60,-193.656159,48.814381
2024-07-31T11:13:00,0.61,-193.522961,48.866700
2024-07-31T11:14:00,0.61,-193.666674,41.707046
2024-07-31T11:15:00,0.62,-194.650286,41.345866
2024-07-31T11:16:00,0.62,-194.542758,41.413579
2024-07-31T11:17:00,0.61,-194.441867,41.476528
2024-07-31T11:18:00,0.61,-194.340622,41.538323
2024-07-31T11:19:00,0.61,-194.234521,41.603195
2024-07-31T11:20:00,0.60,-194.123276,41.668977
2024-07-31T11:21:00,0.61,-194.010068,41.735346
2024-07-31T11:22:00,0.61,-193.903835,41.797726
2024-07-31T11:23:00,0.62,-192.732196,42.181087
2024-07-31T11:24:00,0.62,-192.626017,42.231737
2024-07-31T11:25:00,0.62,-192.519442,42.282056
2024-07-31T11:26:00,0.62,-192.412436,42.331812
2024-07-31T11:27:00,0.63,-192.305050,42.381098
2024-07-31T11:28:00,0.63,-192.197170,42.430129
2024-07-31T11:29:00,0.62,-192.096280,42.470434
2024-07-31T11:30:00,0.62,-192.978493,42.054546
2024-07-31T11:31:00,0.62,-191.870707,42.574267
2024-07-31T11:32:00,0.61,-192.872342,42.362404
2024-07-31T11:33:00,0.62,-192.768166,42.412672
2024-07-31T11:34:00,0.62,-192.661929,42.465761
2024-07-31T11:35:00,0.62,-192.556275,42.519316
2024-07-31T11:36:00,0.63,-192.457133,42.568895
2024-07-31T11:37:00,0.63,-191.206889,42.851178
2024-07-31T11:38:00,0.64,-192.232914,42.669407
2024-07-31T11:39:00,0.64,-192.127010,42.716846
2024-07-31T11:40:00,0.64,-192.017383,42.759238
2024-07-31T11:41:00,0.64,-191.910132,42.804210
2024-07-31T11:42:00,0.64,-191.801514,42.849089
2024-07-31T11:43:00,0.63,-191.691546,42.891381
2024-07-31T11:44:00,0.63,-191.578226,42.929021
2024-07-31T11:45:00,0.64,-191.469436,42.973621
2024-07-31T11:46:00,0.64,-190.183161,43.236558
2024-07-31T11:47:00,0.64,-191.238082,43.049816
2024-07-31T11:48:00,0.63,-191.128848,43.093689
2024-07-31T11:49:00,0.65,-191.019246,43.135809
2024-07-31T11:50:00,0.64,-190.904799,43.172794
2024-07-31T11:51:00,0.63,-190.789990,43.208801
2024-07-31T11:52:00,0.64,-190.677206,43.248128
2024-07-31T11:53:00,0.65,-190.567889,43.291715
2024-07-31T11:54:00,0.64,-190.459249,43.336973
2024-07-31T11:55:00,0.64,-189.128611,43.584866
2024-07-31T11:56:00,0.65,-190.224111,43.408047
2024-07-31T11:57:00,0.64,-190.110730,43.447169
2024-07-31T11:58:00,0.64,-189.993802,43.479551
2024-07-31T11:59:00,0.65,-189.880067,43.517753
2024-07-31T12:00:00,0.67,-143.721841,45.916949
2024-07-31T12:01:00,0.65,4.683154,45.936221
2024-07-31T12:02:00,0.66,4.310382,45.953922
2024-07-31T12:03:00,0.67,4.013188,45.970234
2024-07-31T12:04:00,0.66,3.605776,45.985332
2024-07-31T12:05:00,0.67,3.301208,46.007297
2024-07-31T12:06:00,0.67,2.948977,46.011437
2024-07-31T12:07:00,0.67,2.621533,46.022563
2024-07-31T12:08:00,0.67,2.277398,46.032112
2024-07-31T12:09:00,0.67,1.941522,46.040368
2024-07-31T12:10:00,0.67,1.588613,46.047487
2024-07-31T12:11:00,0.68,1.267922,46.053053
2024-07-31T12:12:00,0.67,0.915196,46.057401
2024-07-31T12:13:00,0.67,0.650162,46.060213
2024-07-31T12:14:00,0.66,0.274308,46.056213
2024-07-31T12:15:00,0.67,-0.094210,46.061998
2024-07-31T12:16:00,0.67,-0.358948,46.060860
2024-07-31T12:17:00,0.67,-0.726388,46.058377
2024-07-31T12:18:00,0.67,-1.116063,46.054638
2024-07-31T12:19:00,0.67,-1.440863,46.054390
2024-07-31T12:20:00,0.66,-160.994034,50.958138
2024-07-31T12:21:00,0.66,-181.482406,50.964773
2024-07-31T12:22:00,0.65,-181.341077,50.970697
2024-07-31T12:23:00,0.65,-181.188679,50.975860
2024-07-31T12:24:00,0.65,-185.553338,44.441726
2024-07-31T12:25:00,0.65,-186.371525,44.650529
2024-07-31T12:26:00,0.65,-186.245569,44.678823
2024-07-31T12:27:00,0.66,-186.125723,44.705443
2024-07-31T12:28:00,0.65,-186.003058,44.732040
2024-07-31T12:29:00,0.66,-185.881109,44.758052
2024-07-31T12:30:00,0.66,-185.767698,44.781964
2024-07-31T12:31:00,0.66,-185.650623,44.806146
2024-07-31T12:32:00,0.66,-185.529098,44.830510
2024-07-31T12:33:00,0.67,-184.399948,44.621919
2024-07-31T12:34:00,0.67,-185.292100,44.873514
2024-07-31T12:35:00,0.68,-185.168014,44.896916
2024-07-31T12:36:00,0.67,-185.041185,44.920266
2024-07-31T12:37:00,0.67,-184.915670,44.944504
2024-07-31T12:38:00,0.67,-184.785339,44.967282
2024-07-31T12:39:00,0.68,-184.654126,44.989588
2024-07-31T12:40:00,0.68,-184.514711,45.012288
2024-07-31T12:41:00,0.66,-184.377855,45.034288
2024-07-31T12:42:00,0.66,-183.232409,44.760103
2024-07-31T12:43:00,0.66,-184.088333,45.074795
2024-07-31T12:44:00,0.68,-183.950343,45.094970
2024-07-31T12:45:00,0.67,-183.804795,45.115264
2024-07-31T12:46:00,0.66,-183.664637,45.134457
2024-07-31T12:47:00,0.67,-182.578933,44.818584
2024-07-31T12:48:00,0.66,-182.904144,44.218244
2024-07-31T12:49:00,0.66,-183.227947,44.877089
2024-07-31T12:50:00,0.66,-183.100663,45.126390
2024-07-31T12:51:00,0.67,-182.971887,45.138248
2024-07-31T12:52:00,0.66,-182.843483,45.149245
2024-07-31T12:53:00,0.66,-182.714047,45.160128
2024-07-31T12:54:00,0.66,-182.586174,45.179540
2024-07-31T12:55:00,0.66,-182.458064,45.196385
2024-07-31T12:56:00,0.66,-181.396037,44.890607
2024-07-31T12:57:00,0.66,-182.195884,45.227073
2024-07-31T12:58:00,0.66,-182.066887,45.241024
2024-07-31T12:59:00,0.65,-181.937694,45.254744
2024-07-31T13:00:00,0.65,-181.808437,45.265383
2024-07-31T13:01:00,0.65,-181.677101,45.259579
2024-07-31T13:02:00,0.65,-181.547072,45.267425
2024-07-31T13:03:00,0.65,-181.416527,45.265531
2024-07-31T13:04:00,0.64,-181.287046,45.276701
2024-07-31T13:05:00,0.65,-180.208230,44.919625
2024-07-31T13:06:00,0.65,-181.022176,45.295741
2024-07-31T13:07:00,0.65,-180.891918,45.296427
2024-07-31T13:08:00,0.67,-180.761449,45.304571
2024-07-31T13:09:00,0.66,-180.631443,45.314716
2024-07-31T13:10:00,0.66,-180.501029,45.325790
2024-07-31T13:11:00,0.65,-172.348390,50.345529
2024-07-31T13:12:00,0.65,-172.092679,50.314491
2024-07-31T13:13:00,0.65,-171.959832,50.282663
2024-07-31T13:14:00,0.64,-171.816687,50.250075
2024-07-31T13:15:00,0.64,-178.888895,44.901436
2024-07-31T13:16:00,0.64,-179.750369,45.270109
2024-07-31T13:17:00,0.63,-179.619062,45.272223
2024-07-31T13:18:00,0.63,-179.491174,45.273874
2024-07-31T13:19:00,0.63,-179.350076,45.274808
2024-07-31T13:20:00,0.63,-179.223451,45.275561
2024-07-31T13:21:00,0.64,-179.089520,45.275361
2024-07-31T13:22:00,0.64,-178.960610,45.275098
2024-07-31T13:23:00,0.63,-178.828088,45.273983
2024-07-31T13:24:00,0.62,-177.704294,44.839731
2024-07-31T13:25:00,0.64,-178.568948,45.269101
2024-07-31T13:26:00,0.63,-178.434645,45.266340
2024-07-31T13:27:00,0.63,-178.288627,45.262500
2024-07-31T13:28:00,0.63,-178.149955,45.258388
2024-07-31T13:29:00,0.63,-178.010900,45.253820
2024-07-31T13:30:00,0.61,-177.868472,45.248363
2024-07-31T13:31:00,0.62,-177.726587,45.242207
2024-07-31T13:32:00,0.61,-177.586449,45.235760
2024-07-31T13:33:00,0.62,-176.527365,44.735222
2024-07-31T13:34:00,0.61,-177.288813,45.216135
2024-07-31T13:35:00,0.61,-177.150930,45.207959
2024-07-31T13:36:00,0.60,-177.005528,45.198468
2024-07-31T13:37:00,0.62,-176.862230,45.188668
2024-07-31T13:38:00,0.61,-175.879143,44.658788
2024-07-31T13:39:00,0.62,-176.604147,45.097795
2024-07-31T13:40:00,0.61,-176.475796,45.086009
2024-07-31T13:41:00,0.63,-176.346277,45.070165
2024-07-31T13:42:00,0.60,-176.217786,45.059638
2024-07-31T13:43:00,0.60,-176.089454,45.048011
2024-07-31T13:44:00,0.61,-175.959906,45.039437
2024-07-31T13:45:00,0.61,-175.829124,45.031849
2024-07-31T13:46:00,0.61,-175.702398,45.013620
2024-07-31T13:47:00,0.59,-174.721786,44.488567
2024-07-31T13:48:00,0.60,-175.438561,44.994617
2024-07-31T13:49:00,0.60,-175.309634,44.983611
2024-07-31T13:50:00,0.58,-175.181469,44.968157
2024-07-31T13:51:00,0.59,-175.055856,44.944225
2024-07-31T13:52:00,0.59,-174.929506,44.923009
2024-07-31T13:53:00,0.58,-174.800866,44.910294
2024-07-31T13:54:00,0.57,-174.675824,44.885933
2024-07-31T13:55:00,0.57,-174.549865,44.864094
2024-07-31T13:56:00,0.57,-173.582713,44.276985
2024-07-31T13:57:00,0.57,-174.289326,44.833211
2024-07-31T13:58:00,0.58,-174.162030,44.815203
2024-07-31T13:59:00,0.59,-174.034979,44.797204
2024-07-31T14:00:00,0.57,-173.908777,44.775316
2024-07-31T14:01:00,0.57,-173.784254,44.749040
2024-07-31T14:02:00,0.57,-163.909451,47.908745
2024-07-31T14:03:00,0.57,-163.819224,47.844778
2024-07-31T14:04:00,0.59,-163.665750,47.775496
2024-07-31T14:05:00,0.58,-163.544576,47.715357
2024-07-31T14:06:00,0.59,-173.111441,43.574705
2024-07-31T14:07:00,0.59,-172.217969,43.963215
2024-07-31T14:08:00,0.61,-172.177975,43.928507
2024-07-31T14:09:00,0.63,-171.973555,43.900112
2024-07-31T14:10:00,0.61,-171.851226,43.867367
2024-07-31T14:11:00,0.64,-171.731202,43.834706
2024-07-31T14:12:00,0.62,-171.609777,43.800985
2024-07-31T14:13:00,0.62,-171.490324,43.767079
2024-07-31T14:14:00,0.61,-171.368793,43.732760
2024-07-31T14:15:00,0.61,-171.248468,43.697895
2024-07-31T14:16:00,0.62,-171.128825,43.662482
2024-07-31T14:17:00,0.61,-171.009153,43.626736
2024-07-31T14:18:00,0.61,-171.693702,43.331364
2024-07-31T14:19:00,0.61,-171.627849,44.078542
2024-07-31T14:20:00,0.63,-171.508424,44.049346
2024-07-31T14:21:00,0.65,-171.398974,44.022494
2024-07-31T14:22:00,0.61,-171.277165,43.991558
2024-07-31T14:23:00,0.63,-171.161698,43.961836
2024-07-31T14:24:00,0.62,-170.183747,43.362908
2024-07-31T14:25:00,0.63,-170.935779,43.899084
2024-07-31T14:26:00,0.62,-170.821365,43.868048
2024-07-31T14:27:00,0.62,-170.709910,43.837455
2024-07-31T14:28:00,0.62,-170.604993,43.808904
2024-07-31T14:29:00,0.63,-170.431785,42.814493
2024-07-31T14:30:00,0.60,-169.490340,43.118622
2024-07-31T14:31:00,0.65,-169.376976,43.076898
2024-07-31T14:32:00,0.60,-169.262465,43.033647
2024-07-31T14:33:00,0.61,-169.149255,42.990486
2024-07-31T14:34:00,0.66,-169.035790,42.946817
2024-07-31T14:35:00,0.63,-169.764911,42.763608
2024-07-31T14:36:00,0.61,-169.634802,43.416675
2024-07-31T14:37:00,0.63,-169.519358,43.378737
2024-07-31T14:38:00,0.62,-168.587831,42.767791
2024-07-31T14:39:00,0.62,-169.280615,43.309743
2024-07-31T14:40:00,0.72,-169.164204,43.275213
2024-07-31T14:41:00,0.66,-169.045857,43.243578
2024-07-31T14:42:00,0.69,-168.929519,43.208705
2024-07-31T14:43:00,0.65,-168.814311,43.171644
2024-07-31T14:44:00,0.62,-168.701000,43.132731
2024-07-31T14:45:00,0.66,-168.589876,43.090492
2024-07-31T14:46:00,0.66,-168.480116,43.050276
2024-07-31T14:47:00,0.61,-167.604556,42.339387
2024-07-31T14:48:00,0.64,-168.267591,42.947651
2024-07-31T14:49:00,0.66,-168.168367,42.891370
2024-07-31T14:50:00,0.64,-168.053846,42.854106
2024-07-31T14:51:00,0.64,-167.951403,42.801696
2024-07-31T14:52:00,0.69,-167.938137,41.817340
2024-07-31T14:53:00,0.63,-157.392450,43.994197
2024-07-31T14:54:00,0.65,-157.338366,43.905507
2024-07-31T14:55:00,0.67,-157.224827,43.814060
2024-07-31T14:56:00,0.59,-157.142377,43.727210
2024-07-31T14:57:00,0.68,-166.554087,41.823519
2024-07-31T14:58:00,0.59,-167.087090,42.353528
2024-07-31T14:59:00,0.59,-166.980753,42.305661
2024-07-31T15:00:00,0.62,-166.886491,42.263730
2024-07-31T15:01:00,0.66,-166.790222,42.220271
2024-07-31T15:02:00,0.67,-166.661479,42.159343
2024-07-31T15:03:00,0.66,-166.533786,42.098278
2024-07-31T15:04:00,0.65,-166.432217,42.049952
2024-07-31T15:05:00,0.65,-166.333140,42.002372
2024-07-31T15:06:00,0.67,-165.648029,41.324544
2024-07-31T15:07:00,0.65,-166.145116,41.906751
2024-07-31T15:08:00,0.63,-166.036125,41.852065
2024-07-31T15:09:00,0.67,-165.938567,41.803231
2024-07-31T15:10:00,0.65,-165.841408,41.753534
2024-07-31T15:11:00,0.62,-165.747142,41.705500
2024-07-31T15:12:00,0.64,-165.651159,41.655238
2024-07-31T15:13:00,0.61,-165.549216,41.603904
2024-07-31T15:14:00,0.65,-165.433574,41.538796
2024-07-31T15:15:00,0.65,-164.781382,40.794912
2024-07-31T15:16:00,0.64,-165.245114,41.434420
2024-07-31T15:17:00,0.67,-165.143388,41.378199
2024-07-31T15:18:00,0.70,-165.039606,41.319603
2024-07-31T15:19:00,0.73,-164.930191,41.257144
2024-07-31T15:20:00,0.78,-165.203647,40.314264
2024-07-31T15:21:00,0.63,-164.225845,40.424996
2024-07-31T15:22:00,0.67,-164.134626,40.362034
2024-07-31T15:23:00,0.67,-164.044288,40.298903
2024-07-31T15:24:00,0.73,-163.954642,40.235430
2024-07-31T15:25:00,0.68,-163.865153,40.171512
2024-07-31T15:26:00,0.65,-164.382871,39.955176
2024-07-31T15:27:00,0.65,-164.189748,40.693504
2024-07-31T15:28:00,0.67,-164.100593,40.632593
2024-07-31T15:29:00,0.75,-163.512890,39.912343
2024-07-31T15:30:00,0.64,-163.902093,40.522669
2024-07-31T15:31:00,0.63,-163.809353,40.464548
2024-07-31T15:32:00,0.63,-163.711779,40.410440
2024-07-31T15:33:00,0.66,-163.623750,40.348821
2024-07-31T15:34:00,0.74,-163.527708,40.292715
2024-07-31T15:35:00,0.69,-163.430353,40.238846
2024-07-31T15:36:00,0.66,-163.359047,40.163333
2024-07-31T15:37:00,0.67,-163.267057,40.104939
2024-07-31T15:38:00,0.71,-162.750689,39.309922
2024-07-31T15:39:00,0.66,-163.080597,39.985749
2024-07-31T15:40:00,0.76,-163.004628,39.916399
2024-07-31T15:41:00,0.76,-162.925345,39.848429
2024-07-31T15:42:00,0.75,-162.849668,39.777779
2024-07-31T15:43:00,0.72,-163.238344,43.408551
2024-07-31T15:44:00,0.69,-163.238401,89.750533
2024-07-31T15:45:00,0.67,-163.238454,89.750447
2024-07-31T15:46:00,0.73,-169.971906,88.754980
2024-07-31T15:47:00,0.74,-160.051177,88.695104
2024-07-31T15:48:00,0.70,-151.237908,88.599774
2024-07-31T15:49:00,0.71,-68.026417,49.842704
2024-07-31T15:50:00,0.72,-48.590911,26.330420
2024-07-31T15:51:00,0.76,-48.771413,26.157382
2024-07-31T15:52:00,0.71,-48.992298,25.983441
2024-07-31T15:53:00,0.74,-49.151326,25.809603
2024-07-31T15:54:00,0.77,-49.333571,25.634924
2024-07-31T15:55:00,0.79,-49.491142,25.460044
2024-07-31T15:56:00,0.77,-49.659213,25.284491
2024-07-31T15:57:00,0.74,-49.840242,25.108588
2024-07-31T15:58:00,0.71,-49.994422,24.932030
2024-07-31T15:59:00,0.80,-50.173334,24.755412
2024-07-31T16:00:00,0.84,-88.077369,45.078247
2024-07-31T16:01:00,0.71,-88.112520,44.847630
2024-07-31T16:02:00,0.71,-88.268147,44.617234
2024-07-31T16:03:00,0.75,-88.361918,44.386316
2024-07-31T16:04:00,0.67,-88.473491,44.153264
2024-07-31T16:05:00,0.79,-88.600256,43.925333
2024-07-31T16:06:00,0.81,-88.688091,43.694543
2024-07-31T16:07:00,0.80,-88.806015,43.464223
2024-07-31T16:08:00,0.72,-88.839672,43.233594
2024-07-31T16:09:00,0.71,-88.991170,43.002875
2024-07-31T16:10:00,0.67,-89.085788,42.772327
2024-07-31T16:11:00,0.71,-89.190449,42.539351
2024-07-31T16:12:00,0.83,-89.290959,42.316161
2024-07-31T16:13:00,0.74,-67.820370,46.341196
2024-07-31T16:14:00,0.74,-68.562866,45.484692
2024-07-31T16:15:00,0.71,-67.085564,45.879847
2024-07-31T16:16:00,0.71,-67.304004,45.626027
2024-07-31T16:17:00,0.75,-69.105079,44.840094
2024-07-31T16:18:00,0.79,-69.287272,44.623452
2024-07-31T16:19:00,0.89,-69.465926,44.407825
2024-07-31T16:20:00,0.78,-67.989600,44.812389
2024-07-31T16:21:00,0.75,-68.159719,44.600383
2024-07-31T16:22:00,0.81,-68.341793,44.377421
2024-07-31T16:23:00,0.84,-68.541815,44.130849
2024-07-31T16:24:00,0.81,-68.744978,43.879171
2024-07-31T16:25:00,0.78,-70.506794,43.107563
2024-07-31T16:26:00,0.78,-69.090036,43.446531
2024-07-31T16:27:00,0.79,-69.229668,43.266469
2024-07-31T16:28:00,0.87,-69.380537,43.071430
2024-07-31T16:29:00,0.79,-69.552743,42.847963
2024-07-31T16:30:00,0.73,-71.342424,42.017219
2024-07-31T16:31:00,0.78,-69.914954,42.376851
2024-07-31T16:32:00,0.88,-70.698249,41.699049
2024-07-31T16:33:00,0.87,-71.831022,41.361048
2024-07-31T16:34:00,0.81,-71.991782,41.141741
2024-07-31T16:35:00,0.78,-72.106694,41.002443
2024-07-31T16:36:00,0.77,-70.846910,41.305681
2024-07-31T16:37:00,0.78,-70.973610,41.077186
2024-07-31T16:38:00,0.89,-71.091316,40.844728
2024-07-31T16:39:00,0.87,-71.229306,40.623960
2024-07-31T16:40:00,0.79,-72.935912,39.822003
2024-07-31T16:41:00,0.83,-71.621555,40.221507
2024-07-31T16:42:00,0.90,-73.242369,39.380568
2024-07-31T16:43:00,0.79,-71.934567,39.792073
2024-07-31T16:44:00,0.78,-73.535261,38.938212
2024-07-31T16:45:00,0.94,-73.696288,38.717341
2024-07-31T16:46:00,0.83,-72.408626,39.148181
2024-07-31T16:47:00,0.80,-72.521523,38.916032
2024-07-31T16:48:00,0.76,-72.625276,38.680209
2024-07-31T16:49:00,0.85,-72.773003,38.465640
2024-07-31T16:50:00,0.81,-72.921755,38.248789
2024-07-31T16:51:00,0.80,-74.580229,37.386031
2024-07-31T16:52:00,0.81,-74.188876,37.239231
2024-07-31T16:53:00,0.81,-74.868287,36.941111
2024-07-31T16:54:00,0.87,-73.785967,37.420576
2024-07-31T16:55:00,0.94,-74.727503,37.163197
2024-07-31T16:56:00,0.86,-73.999996,10.000093
2024-07-31T16:57:00,0.86,180.000073,9.999983
2024-07-31T16:58:00,0.85,179.999982,15.001289
2024-07-31T16:59:00,0.77,180.000014,15.001208
2024-07-31T17:00:00,0.81,179.999869,15.001168
2024-07-31T17:01:00,0.83,180.000043,15.001294
2024-07-31T17:02:00,0.83,180.000003,15.001284
2024-07-31T17:03:00,0.87,179.999813,15.001149
2024-07-31T17:04:00,0.83,179.999984,15.001214
2024-07-31T17:05:00,0.77,179.999963,15.001241
2024-07-31T17:06:00,0.84,179.999990,15.001326
2024-07-31T17:07:00,0.88,179.999906,15.001270
2024-07-31T17:08:00,0.78,179.999869,15.001101
2024-07-31T17:09:00,0.80,179.999826,15.001133
2024-07-31T17:10:00,0.79,179.999992,15.001225
2024-07-31T17:11:00,0.94,179.999906,15.001168
2024-07-31T17:12:00,0.87,179.999898,15.001179
2024-07-31T17:13:00,0.81,179.999936,15.001251
2024-07-31T17:14:00,0.76,179.999976,15.001160
2024-07-31T17:15:00,0.81,179.999823,15.001144
2024-07-31T17:16:00,0.80,179.999872,15.001198
2024-07-31T17:17:00,0.78,179.999676,15.001184
2024-07-31T17:18:00,0.73,179.999893,15.001112
2024-07-31T17:19:00,0.77,179.999681,15.001120
2024-07-31T17:20:00,0.78,179.999775,15.001131
2024-07-31T17:21:00,0.73,179.999904,15.001026
2024-07-31T17:22:00,0.71,179.999818,15.001112
2024-07-31T17:23:00,0.80,179.999909,15.001128
2024-07-31T17:24:00,0.90,179.999890,15.001131
2024-07-31T17:25:00,0.84,179.999850,15.001149
2024-07-31T17:26:00,0.74,179.999807,15.001112
2024-07-31T17:27:00,0.79,179.999630,15.001002
2024-07-31T17:28:00,0.74,179.999762,15.000997
2024-07-31T17:29:00,0.71,179.999724,15.001072
2024-07-31T17:30:00,0.77,179.999788,15.001034
2024-07-31T17:31:00,0.78,179.999727,15.000997
2024-07-31T17:32:00,0.80,179.999847,15.001066
2024-07-31T17:33:00,0.80,179.999855,15.001023
2024-07-31T17:34:00,0.83,179.999906,15.001085
2024-07-31T17:35:00,0.76,179.999869,15.001061
2024-07-31T17:36:00,0.70,179.999746,15.001021
2024-07-31T17:37:00,0.72,179.999805,15.001109
2024-07-31T17:38:00,0.75,179.999775,15.001064
2024-07-31T17:39:00,0.84,179.999756,15.000983
2024-07-31T17:40:00,0.75,179.999882,15.000980
2024-07-31T17:41:00,0.78,179.999965,15.001098
2024-07-31T17:42:00,0.82,179.999821,15.000967
2024-07-31T17:43:00,0.74,179.999821,15.001018
2024-07-31T17:44:00,0.71,179.999628,15.000889
2024-07-31T17:45:00,0.78,179.999826,15.001021
2024-07-31T17:46:00,0.78,179.999660,15.001021
2024-07-31T17:47:00,0.78,179.999606,15.001013
2024-07-31T17:48:00,0.82,179.999708,15.001002
2024-07-31T17:49:00,0.89,179.999778,15.000932
2024-07-31T17:50:00,0.86,179.999837,15.001039
2024-07-31T17:51:00,0.81,179.999668,15.001072
2024-07-31T17:52:00,0.83,179.999705,15.001023
2024-07-31T17:53:00,0.81,179.999657,15.000959
2024-07-31T17:54:00,0.78,179.999633,15.000940
2024-07-31T17:55:00,0.79,179.999802,15.000980
2024-07-31T17:56:00,0.86,179.999845,15.001013
2024-07-31T17:57:00,0.91,179.999869,15.000943
2024-07-31T17:58:00,0.87,179.999585,15.000921
2024-07-31T17:59:00,0.81,179.999673,15.001015
2024-07-31T18:00:00,0.86,179.999668,15.001042
2024-07-31T18:01:00,0.82,179.999681,15.000905
2024-07-31T18:02:00,0.76,179.999802,15.000994
2024-07-31T18:03:00,0.79,179.999748,15.001026
2024-07-31T18:04:00,0.85,179.999574,15.000814
2024-07-31T18:05:00,0.89,179.999807,15.001002
2024-07-31T18:06:00,0.81,179.999743,15.000975
2024-07-31T18:07:00,0.82,179.999796,15.000908
2024-07-31T18:08:00,0.92,179.999794,15.001007
2024-07-31T18:09:00,0.87,179.999861,15.001021
2024-07-31T18:10:00,0.81,179.999767,15.001013
2024-07-31T18:11:00,0.83,179.999837,15.000989
2024-07-31T18:12:00,0.90,179.999893,15.000978
2024-07-31T18:13:00,0.86,179.999872,15.000999
2024-07-31T18:14:00,0.76,179.999770,15.000924
2024-07-31T18:15:00,0.89,179.999810,15.000946
2024-07-31T18:16:00,0.86,179.999652,15.000964
2024-07-31T18:17:00,0.87,179.999644,15.000841
2024-07-31T18:18:00,0.92,179.999818,15.000865
2024-07-31T18:19:00,0.80,179.999770,15.000994
2024-07-31T18:20:00,0.81,179.999794,15.000900
2024-07-31T18:21:00,0.81,179.999813,15.000911
2024-07-31T18:22:00,0.74,179.999684,15.000967
2024-07-31T18:23:00,0.82,179.999740,15.000900
2024-07-31T18:24:00,0.86,179.999839,15.001015
2024-07-31T18:25:00,0.87,179.999807,15.000860
2024-07-31T18:26:00,0.86,179.999791,15.001007
2024-07-31T18:27:00,0.87,179.999684,15.000873
2024-07-31T18:28:00,0.73,179.999829,15.000798
2024-07-31T18:29:00,0.84,179.999837,15.000980
2024-07-31T18:30:00,0.88,179.999668,15.000844
2024-07-31T18:31:00,0.86,179.999834,15.000954
2024-07-31T18:32:00,0.82,179.999796,15.000951
2024-07-31T18:33:00,0.83,179.999735,15.000873
2024-07-31T18:34:00,0.90,179.999896,15.000959
2024-07-31T18:35:00,0.76,179.999864,15.000870
2024-07-31T18:36:00,0.79,179.999915,15.000964
2024-07-31T18:37:00,0.88,179.999796,15.000951
2024-07-31T18:38:00,0.86,179.999866,15.000879
2024-07-31T18:39:00,0.95,179.999893,15.000900
2024-07-31T18:40:00,0.99,179.999847,15.000932
2024-07-31T18:41:00,0.95,179.999885,15.001002
2024-07-31T18:42:00,0.82,179.999788,15.000825
2024-07-31T18:43:00,0.78,179.999925,15.001005
2024-07-31T18:44:00,0.82,179.999729,15.000929
2024-07-31T18:45:00,0.88,179.999869,15.000927
2024-07-31T18:46:00,0.87,179.999802,15.000854
2024-07-31T18:47:00,0.83,179.999826,15.000828
2024-07-31T18:48:00,0.81,179.999815,15.000841
2024-07-31T18:49:00,0.79,179.999909,15.000908
2024-07-31T18:50:00,0.80,179.999906,15.000924
2024-07-31T18:51:00,0.85,179.999829,15.000795
2024-07-31T18:52:00,0.87,179.999971,15.000951
2024-07-31T18:53:00,0.89,179.999700,15.000779
2024-07-31T18:54:00,0.86,180.000003,15.000962
2024-07-31T18:55:00,0.87,179.999861,15.000795
2024-07-31T18:56:00,0.83,179.999837,15.000860
2024-07-31T18:57:00,0.84,179.999582,15.000693
2024-07-31T18:58:00,0.90,179.999678,15.000785
2024-07-31T18:59:00,0.86,179.999906,15.000846
2024-07-31T19:00:00,0.85,179.999855,15.000844
2024-07-31T19:01:00,0.87,179.999933,15.000852
2024-07-31T19:02:00,0.84,179.999936,15.000892
2024-07-31T19:03:00,0.83,179.999703,15.000731
2024-07-31T19:04:00,0.79,179.999882,15.000814
2024-07-31T19:05:00,0.83,179.999984,15.000817
2024-07-31T19:06:00,0.79,179.999850,15.000693
2024-07-31T19:07:00,0.79,179.999880,15.000798
2024-07-31T19:08:00,0.81,179.999963,15.000892
2024-07-31T19:09:00,0.78,179.999979,15.000868
2024-07-31T19:10:00,0.81,179.999979,15.000911
2024-07-31T19:11:00,0.83,179.999660,15.000787
2024-07-31T19:12:00,0.88,179.999901,15.000820
2024-07-31T19:13:00,0.85,179.999917,15.000838
2024-07-31T19:14:00,0.98,180.000008,28.585350
2024-07-31T19:15:00,0.92,180.000156,89.750637
2024-07-31T19:16:00,0.91,180.000041,89.750611
2024-07-31T19:17:00,0.87,180.000070,89.750710
2024-07-31T19:18:00,0.87,180.000102,89.750670
2024-07-31T19:19:00,0.84,180.000003,89.750611
2024-07-31T19:20:00,0.85,180.000024,89.750600
2024-07-31T19:21:00,0.84,180.000116,89.750592
2024-07-31T19:22:00,0.88,180.000038,89.750605
2024-07-31T19:23:00,0.83,180.000075,89.750597
2024-07-31T19:24:00,0.99,179.999987,89.750629
2024-07-31T19:25:00,1.02,180.000089,89.750664
2024-07-31T19:26:00,0.82,180.000059,89.750549
2024-07-31T19:27:00,0.86,179.999968,89.750619
2024-07-31T19:28:00,0.92,179.999995,89.750788
2024-07-31T19:29:00,0.91,180.000030,89.750584
2024-07-31T19:30:00,0.85,180.000006,89.750525
2024-07-31T19:31:00,0.83,180.000357,89.750812
2024-07-31T19:32:00,0.83,180.000314,89.750662
2024-07-31T19:33:00,0.88,180.000293,89.750876
2024-07-31T19:34:00,0.92,180.000065,89.750546
2024-07-31T19:35:00,0.89,180.000199,89.750790
2024-07-31T19:36:00,0.94,180.000244,89.750702
2024-07-31T19:37:00,0.86,180.000086,89.750747
2024-07-31T19:38:00,0.78,180.000175,89.750750
2024-07-31T19:39:00,0.89,180.000172,89.750890
2024-07-31T19:40:00,0.95,180.000193,89.750804
2024-07-31T19:41:00,1.01,180.000336,89.750726
2024-07-31T19:42:00,0.84,180.000215,89.750670
2024-07-31T19:43:00,0.93,180.000153,89.750670
2024-07-31T19:44:00,0.95,180.000110,89.750804
2024-07-31T19:45:00,0.85,180.000338,89.750828
2024-07-31T19:46:00,0.85,180.000151,89.750796
2024-07-31T19:47:00,0.84,180.000293,89.750895
2024-07-31T19:48:00,0.85,180.000121,89.750747
2024-07-31T19:49:00,0.90,180.000126,89.750755
2024-07-31T19:50:00,0.82,180.000161,89.750600
2024-07-31T19:51:00,0.79,180.000210,89.750734
2024-07-31T19:52:00,0.83,180.000242,89.750836
2024-07-31T19:53:00,0.83,180.000448,89.750922
2024-07-31T19:54:00,0.90,180.000239,89.750919
2024-07-31T19:55:00,0.87,180.000301,89.750868
2024-07-31T19:56:00,0.87,180.000357,89.750890
2024-07-31T19:57:00,0.83,180.000341,89.750860
2024-07-31T19:58:00,0.83,180.000298,89.750914
2024-07-31T19:59:00,0.88,180.000261,89.750822
2024-07-31T20:00:00,0.86,180.000271,89.750868
2024-07-31T20:01:00,0.91,180.000306,89.750836
2024-07-31T20:02:00,0.96,180.000258,89.750844
2024-07-31T20:03:00,0.86,180.000118,89.750868
2024-07-31T20:04:00,0.92,180.000269,89.750916
2024-07-31T20:05:00,0.79,180.000255,89.750890
2024-07-31T20:06:00,0.76,180.000212,89.750820
2024-07-31T20:07:00,0.80,180.000330,89.750876
2024-07-31T20:08:00,0.86,180.000320,89.750881
2024-07-31T20:09:00,0.84,180.000169,89.750922
2024-07-31T20:10:00,0.80,180.000387,89.750881
2024-07-31T20:11:00,0.79,180.000311,89.750798
2024-07-31T20:12:00,0.83,180.000129,89.750680
2024-07-31T20:13:00,0.82,180.000102,89.750865
2024-07-31T20:14:00,0.81,180.000226,89.750785
2024-07-31T20:15:00,0.79,180.000247,89.750788
2024-07-31T20:16:00,0.83,180.000129,89.750785
2024-07-31T20:17:00,0.85,180.000252,89.750833
2024-07-31T20:18:00,0.92,180.000140,89.750900
2024-07-31T20:19:00,0.81,180.000250,89.750825
2024-07-31T20:20:00,0.79,180.000234,89.750855
2024-07-31T20:21:00,0.82,180.000215,89.750839
2024-07-31T20:22:00,0.79,180.000279,89.750833
2024-07-31T20:23:00,0.80,180.000322,89.750817
2024-07-31T20:24:00,0.81,180.000223,89.750849
2024-07-31T20:25:00,0.83,180.000234,89.750855
2024-07-31T20:26:00,0.85,180.000277,89.750849
2024-07-31T20:27:00,0.86,180.000274,89.750916
2024-07-31T20:28:00,0.81,180.000271,89.750806
2024-07-31T20:29:00,0.84,180.000242,89.750841
2024-07-31T20:30:00,0.80,180.000231,89.750839
2024-07-31T20:31:00,0.82,180.000400,89.750774
2024-07-31T20:32:00,0.83,180.000325,89.750884
2024-07-31T20:33:00,0.86,180.000129,89.750820
2024-07-31T20:34:00,0.84,180.000164,89.750890
2024-07-31T20:35:00,0.84,180.000065,89.750809
2024-07-31T20:36:00,0.86,180.000175,89.750471
2024-07-31T20:37:00,0.83,180.000105,89.750798
2024-07-31T20:38:00,0.83,180.000193,89.750844
2024-07-31T20:39:00,0.87,180.000132,89.750830
2024-07-31T20:40:00,0.80,180.000116,89.750782
2024-07-31T20:41:00,0.81,180.000185,89.750790
2024-07-31T20:42:00,0.85,180.000137,89.750863
2024-07-31T20:43:00,0.84,180.000121,89.750898
2024-07-31T20:44:00,0.85,180.000118,89.750879
2024-07-31T20:45:00,0.81,180.000097,89.750884
2024-07-31T20:46:00,0.83,180.000193,89.750965
2024-07-31T20:47:00,0.82,180.000081,89.750844
2024-07-31T20:48:00,0.87,180.000124,89.750806
2024-07-31T20:49:00,0.79,180.000199,89.750812
2024-07-31T20:50:00,0.89,180.000054,89.750873
2024-07-31T20:51:00,0.82,180.000118,89.750919
2024-07-31T20:52:00,0.81,180.000247,89.750946
2024-07-31T20:53:00,0.85,180.000169,89.750890
2024-07-31T20:54:00,0.81,180.000352,89.751013
2024-07-31T20:55:00,0.82,180.000193,89.750836
2024-07-31T20:56:00,0.77,180.000164,89.750892
2024-07-31T20:57:00,0.84,180.000089,89.750841
2024-07-31T20:58:00,0.83,180.000220,89.750916
2024-07-31T20:59:00,0.83,180.000164,89.750914
2024-07-31T21:00:00,0.79,180.000161,89.750857
2024-07-31T21:01:00,0.82,180.000062,89.750798
2024-07-31T21:02:00,0.83,180.000097,89.750747
2024-07-31T21:03:00,0.84,180.000081,89.750871
2024-07-31T21:04:00,0.79,180.000132,89.750822
2024-07-31T21:05:00,0.88,180.000156,89.750721
2024-07-31T21:06:00,0.80,180.000156,89.750801
2024-07-31T21:07:00,0.85,180.000105,89.750932
2024-07-31T21:08:00,0.87,180.000065,89.750817
2024-07-31T21:09:00,0.87,180.000330,89.750865
2024-07-31T21:10:00,0.85,180.000202,89.750959
2024-07-31T21:11:00,0.86,180.000239,89.750890
2024-07-31T21:12:00,0.85,180.000102,89.750871
2024-07-31T21:13:00,0.89,180.000148,89.750940
2024-07-31T21:14:00,0.90,180.000100,89.750804
2024-07-31T21:15:00,0.89,180.000054,89.750680
2024-07-31T21:16:00,0.87,179.999965,89.750785
2024-07-31T21:17:00,0.87,179.999955,89.750898
2024-07-31T21:18:00,0.91,179.999984,89.750898
2024-07-31T21:19:00,0.91,180.000097,89.750919
2024-07-31T21:20:00,0.90,180.000038,89.750855
2024-07-31T21:21:00,0.87,180.000075,89.750932
2024-07-31T21:22:00,0.91,180.000210,89.750839
2024-07-31T21:23:00,0.90,180.000054,89.750940
2024-07-31T21:24:00,0.89,180.000110,89.750892
2024-07-31T21:25:00,0.88,180.000124,89.750871
2024-07-31T21:26:00,0.88,180.000089,89.750919
2024-07-31T21:27:00,0.88,180.000059,89.750809
2024-07-31T21:28:00,0.91,180.000030,89.750884
2024-07-31T21:29:00,0.88,180.000153,89.750830
2024-07-31T21:30:00,0.87,180.000191,89.750873
2024-07-31T21:31:00,0.87,180.000121,89.750852
2024-07-31T21:32:00,0.85,180.000100,89.750857
2024-07-31T21:33:00,0.93,180.000220,89.751026
2024-07-31T21:34:00,0.92,179.999987,89.750836
2024-07-31T21:35:00,0.90,180.000073,89.750927
2024-07-31T21:36:00,0.91,180.000003,89.750865
2024-07-31T21:37:00,0.93,180.000046,89.750873
2024-07-31T21:38:00,0.89,179.999936,89.750739
2024-07-31T21:39:00,0.86,180.000062,89.750922
2024-07-31T21:40:00,0.83,180.000148,89.750825
2024-07-31T21:41:00,0.84,180.000000,89.750839
2024-07-31T21:42:00,0.86,179.999979,89.750849
2024-07-31T21:43:00,0.92,179.999949,89.750881
2024-07-31T21:44:00,0.95,180.000019,89.750906
2024-07-31T21:45:00,0.95,180.000070,89.750914
2024-07-31T21:46:00,0.94,179.999987,89.750967
2024-07-31T21:47:00,0.90,180.000140,89.750965
2024-07-31T21:48:00,0.90,179.999957,89.750814
2024-07-31T21:49:00,0.89,179.999963,89.750865
2024-07-31T21:50:00,0.94,180.000062,89.750983
2024-07-31T21:51:00,0.92,180.000078,89.750935
2024-07-31T21:52:00,0.94,180.000073,89.750839
2024-07-31T21:53:00,0.92,180.000070,89.750868
2024-07-31T21:54:00,0.94,180.000057,89.750906
2024-07-31T21:55:00,0.88,179.999982,89.750833
2024-07-31T21:56:00,0.93,179.999995,89.750906
2024-07-31T21:57:00,0.94,180.000057,89.750890
2024-07-31T21:58:00,0.95,180.000038,89.750771
2024-07-31T21:59:00,0.93,180.000030,89.750876
2024-07-31T22:00:00,0.96,180.000100,89.750825
2024-07-31T22:01:00,0.97,180.000086,89.750847
2024-07-31T22:02:00,0.96,180.000038,89.750782
2024-07-31T22:03:00,0.97,180.000092,89.750895
2024-07-31T22:04:00,0.97,180.000027,89.750825
2024-07-31T22:05:00,0.98,179.999992,89.750780
2024-07-31T22:06:00,0.97,179.999925,89.750804
2024-07-31T22:07:00,0.98,179.999960,89.750806
2024-07-31T22:08:00,0.96,179.999949,89.750804
2024-07-31T22:09:00,0.93,180.000003,89.750820
2024-07-31T22:10:00,0.89,180.000022,89.750788
2024-07-31T22:11:00,0.91,179.999987,89.750852
2024-07-31T22:12:00,0.94,179.999915,89.750812
2024-07-31T22:13:00,0.95,179.999944,89.750839
2024-07-31T22:14:00,0.94,180.000051,89.750857
2024-07-31T22:15:00,0.93,179.999963,89.750828
2024-07-31T22:16:00,0.93,179.999925,89.750924
2024-07-31T22:17:00,0.92,179.999955,89.750911
2024-07-31T22:18:00,0.94,179.999974,89.750895
2024-07-31T22:19:00,0.95,179.999952,89.750919
2024-07-31T22:20:00,0.96,179.999974,89.750919
2024-07-31T22:21:00,0.93,179.999923,89.750766
2024-07-31T22:22:00,0.90,179.999888,89.750726
2024-07-31T22:23:00,0.93,179.999923,89.750839
2024-07-31T22:24:00,0.94,179.999915,89.750766
2024-07-31T22:25:00,0.93,179.999974,89.750785
2024-07-31T22:26:00,0.97,179.999925,89.750814
2024-07-31T22:27:00,0.97,179.999896,89.750790
2024-07-31T22:28:00,0.98,179.871206,89.722551
2024-07-31T22:29:00,0.99,166.823198,63.643332
2024-07-31T22:30:00,0.99,167.292354,63.695176
2024-07-31T22:31:00,1.00,167.564551,63.745765
2024-07-31T22:32:00,1.01,167.935116,63.794857
2024-07-31T22:33:00,1.03,168.296482,63.837510
2024-07-31T22:34:00,1.03,168.659149,63.891217
2024-07-31T22:35:00,0.95,172.420638,61.160813
2024-07-31T22:36:00,0.97,180.000051,14.997660
2024-07-31T22:37:00,0.95,180.000097,14.997676
2024-07-31T22:38:00,0.97,180.000102,14.997646
2024-07-31T22:39:00,0.99,180.000097,14.997630
2024-07-31T22:40:00,1.01,180.000110,14.997636
2024-07-31T22:41:00,1.01,180.000081,14.997622
2024-07-31T22:42:00,1.01,180.000097,14.997596
2024-07-31T22:43:00,1.01,180.000105,14.997604
2024-07-31T22:44:00,1.04,180.000070,14.997587
2024-07-31T22:45:00,1.03,180.000081,14.997542
2024-07-31T22:46:00,0.99,180.000089,14.997579
2024-07-31T22:47:00,0.99,180.000102,14.997587
2024-07-31T22:48:00,1.01,180.000092,14.997590
2024-07-31T22:49:00,1.05,180.000148,14.997609
2024-07-31T22:50:00,1.06,180.000118,14.997587
2024-07-31T22:51:00,1.06,180.000116,14.997537
2024-07-31T22:52:00,1.03,180.000129,14.997555
2024-07-31T22:53:00,0.97,180.000191,14.997563
2024-07-31T22:54:00,0.93,180.000110,14.997555
2024-07-31T22:55:00,0.97,180.000073,14.997539
2024-07-31T22:56:00,1.05,180.000140,14.997582
2024-07-31T22:57:00,1.05,180.000164,14.997574
2024-07-31T22:58:00,1.04,180.000175,14.997571
2024-07-31T22:59:00,0.97,180.000140,14.997547
2024-07-31T23:00:00,0.94,180.000124,14.997555
2024-07-31T23:01:00,0.95,180.000159,14.997558
2024-07-31T23:02:00,0.94,180.000156,14.997526
2024-07-31T23:03:00,0.99,180.000177,14.997550
2024-07-31T23:04:00,1.00,180.000177,14.997531
2024-07-31T23:05:00,1.04,180.000167,14.997539
2024-07-31T23:06:00,1.00,180.000153,14.997528
2024-07-31T23:07:00,0.98,180.000172,14.997550
2024-07-31T23:08:00,1.00,180.000196,14.997542
2024-07-31T23:09:00,1.00,180.000193,14.997526
2024-07-31T23:10:00,1.02,180.000185,14.997523
2024-07-31T23:11:00,1.06,180.000191,14.997512
2024-07-31T23:12:00,1.08,180.000172,14.997531
2024-07-31T23:13:00,1.03,180.000196,14.997528
2024-07-31T23:14:00,0.95,180.000167,14.997469
2024-07-31T23:15:00,0.94,180.000220,14.997523
2024-07-31T23:16:00,0.95,180.000207,14.997504
2024-07-31T23:17:00,0.99,180.000218,14.997499
2024-07-31T23:18:00,1.04,180.000231,14.997531
2024-07-31T23:19:00,1.01,180.000226,14.997491
2024-07-31T23:20:00,0.98,180.000226,14.997483
2024-07-31T23:21:00,0.96,180.000231,14.997469
2024-07-31T23:22:00,0.97,180.000234,14.997488
2024-07-31T23:23:00,1.00,180.000183,14.997451
2024-07-31T23:24:00,1.03,180.000218,14.997451
2024-07-31T23:25:00,1.02,180.000266,14.997504
2024-07-31T23:26:00,1.02,180.000199,14.997456
2024-07-31T23:27:00,1.02,180.000228,14.997461
2024-07-31T23:28:00,1.01,180.000247,14.997483
2024-07-31T23:29:00,0.98,180.000234,14.997432
2024-07-31T23:30:00,0.98,180.000255,14.997480
2024-07-31T23:31:00,0.99,180.000266,14.997480
2024-07-31T23:32:00,1.02,180.000258,14.997469
2024-07-31T23:33:00,0.98,180.000266,14.997467
2024-07-31T23:34:00,0.97,180.000271,14.997451
2024-07-31T23:35:00,1.00,180.000279,14.997464
2024-07-31T23:36:00,1.03,180.000277,14.997464
2024-07-31T23:37:00,1.02,180.000277,14.997467
2024-07-31T23:38:00,1.00,180.000287,14.997469
2024-07-31T23:39:00,1.01,180.000290,14.997475
2024-07-31T23:40:00,1.00,180.000301,14.997464
2024-07-31T23:41:00,0.99,180.000306,14.997475
2024-07-31T23:42:00,1.00,180.000303,14.997483
2024-07-31T23:43:00,1.01,180.000311,14.997467
2024-07-31T23:44:00,1.00,180.000317,14.997483
2024-07-31T23:45:00,0.98,180.000330,14.997475
2024-07-31T23:46:00,0.99,180.000317,14.997472
2024-07-31T23:47:00,0.99,180.000336,14.997475
2024-07-31T23:48:00,0.99,180.000336,14.997477
2024-07-31T23:49:00,0.99,180.000336,14.997480
2024-07-31T23:50:00,0.97,180.000341,14.997477
2024-07-31T23:51:00,0.98,180.000346,14.997488
2024-07-31T23:52:00,1.03,191.652522,60.621350
2024-07-31T23:53:00,1.04,192.056839,60.574065
2024-07-31T23:54:00,1.06,192.290811,60.525661
2024-07-31T23:55:00,1.05,192.591054,60.481121
2024-07-31T23:56:00,1.02,192.878975,60.425487
2024-07-31T23:57:00,1.02,193.153650,60.373515
2024-07-31T23:58:00,1.03,193.473204,60.320449
2024-07-31T23:59:00,1.02,193.745211,60.266180
2024-08-01T00:00:00,1.01,194.039658,60.210770
